id,name,title,department,email,location,phone,skills,manager,avatar_url,bio
E-1,Robert Anderson,CEO,Executive,robert.anderson@enterprise.ai,"New York, NY","+1-212-555-0142","Leadership|Strategy|Operations",,https://images.unsplash.com/photo-1506794778202-cad84cf45f1d?auto=format&fit=crop&w=200&q=80,Leads enterprise strategy and executive leadership across the organization.
E-2,Jennifer Lee,CTO,Engineering,jennifer.lee@enterprise.ai,"San Francisco, CA","+1-415-555-0182","Platform Strategy|Cloud Architecture|Security",Robert Anderson,https://images.unsplash.com/photo-1494790108377-be9c29b29330?auto=format&fit=crop&w=200&q=80,Owns platform architecture, engineering execution, and technical roadmap.
E-3,Mark Thompson,CPO,Product,mark.thompson@enterprise.ai,"Austin, TX","+1-512-555-0173","Product Strategy|Roadmapping|User Research",Robert Anderson,https://images.unsplash.com/photo-1500648767791-00dcc994a43e?auto=format&fit=crop&w=200&q=80,Leads product strategy, roadmap, and market positioning.
E-4,Lisa Brown,CMO,Marketing,lisa.brown@enterprise.ai,"Chicago, IL","+1-312-555-0164","Brand|Growth|Campaign Strategy",Robert Anderson,https://images.unsplash.com/photo-1544723795-3fb6469f5b39?auto=format&fit=crop&w=200&q=80,Leads brand, demand generation, and growth marketing.
1,Sarah Chen,Senior Frontend Engineer,Engineering,sarah.chen@enterprise.ai,"San Francisco, CA","+1-415-555-0190","React|TypeScript|Node.js|Python",Jennifer Lee,https://images.unsplash.com/photo-1524504388940-b1c1722653e1?auto=format&fit=crop&w=200&q=80,Builds customer-facing UI and internal design systems.
2,Michael Ross,Product Manager,Product,michael.ross@enterprise.ai,"Austin, TX","+1-512-555-0136","Strategy|Agile|User Research|SQL",Mark Thompson,https://images.unsplash.com/photo-1500648767791-00dcc994a43e?auto=format&fit=crop&w=200&q=80,Drives product discovery, requirements, and delivery.
3,Jessica Wu,UX Designer,Design,jessica.wu@enterprise.ai,"Los Angeles, CA","+1-213-555-0147","Figma|Prototyping|Accessibility|CSS",Mark Thompson,https://images.unsplash.com/photo-1544723795-3fb6469f5b39?auto=format&fit=crop&w=200&q=80,Designs product flows, prototypes, and accessibility experiences.
4,David Miller,DevOps Engineer,Engineering,david.miller@enterprise.ai,"Denver, CO","+1-303-555-0129","AWS|Kubernetes|Terraform|Go",Jennifer Lee,https://images.unsplash.com/photo-1506794778202-cad84cf45f1d?auto=format&fit=crop&w=200&q=80,Owns cloud infrastructure, reliability, and CI/CD.
5,James Wilson,Marketing Lead,Marketing,james.wilson@enterprise.ai,"Chicago, IL","+1-312-555-0191","SEO|Content Strategy|Analytics",Lisa Brown,https://images.unsplash.com/photo-1500648767791-00dcc994a43e?auto=format&fit=crop&w=200&q=80,Leads content, SEO, and marketing performance.
6,Emily Zhang,Data Scientist,Analytics,emily.zhang@enterprise.ai,"Boston, MA","+1-617-555-0188","Python|Machine Learning|TensorFlow|AWS",Jennifer Lee,https://images.unsplash.com/photo-1494790108377-be9c29b29330?auto=format&fit=crop&w=200&q=80,Builds predictive models and analytics pipelines.
